,Car_Name,Price
0,Bay Area Mobile Mechanic - 2018,$40.96
1,1997 Toyota T100,$800
2,Bay Area Mobile Mechanic  - Bay Area Mobile Mechan,$32
3, bay area mobile mechanic -  Bayview auto solution,$36
4,1968 Ford Mustang,$600
5,Chrysler 300 2013,"$14,995"
6,2010 Chevrolet Equinox LS FWD,"$9,991"
7,2001 Honda Accord EX ULEV w/Leather,$900
8,1984 GMC Sierra,"$2,500"
9,2016 Nissan Murano Gun Metallic hatchback,"$18,810"
10,2017 Yamaha R6,"$9,998"
11,2015 Toyota Sienna SE,"$22,600"
12,1987 Porsche 911 930 TURBO,"$135,150"
13,1989 Chevrolet C3500,"$5,000"
14,Saab - 9-3 - 2001,"$1,399.3"
15,"2018 Alfa Romeo Giulia Ti Sport RWD (1,000 MILES)","$36,000"
16,2017 Mazda Mazda6 Snowflake White Pearl Mica sedan,"$15,940"
17,,$150
18,2016 Dodge Challenger Torred Clearcoat coupe,"$19,970"
19,Acura TL 2012,"$12,792"
20,2004 GMC Envoy,"$2,600"
21,2015 Jeep Renegade Alpine White hatchback,"$14,690"
22,2018 Toyota Corolla SE AT,$15
23,Toyota - Camry - 1999,"$2,000"
24,2001 Toyota Tacoma Regular Cab,"$4,500"
25,Hyundai Elantra GT 2019,"$13,600"
26,2016 Jeep Compass Bright White Clearcoat hatchback,"$15,360"
27,2013 Hyundai Genesis 3.8L,"$12,750"
28,2004 BMW 3 Series 330Cic,"$3,500"
29,2014 Ford Fusion,"$4,050"
30,2008 Toyota camery,"$4,988"
31,2016 GMC Terrain Dark Sapphire Blue Metallic hatchback,"$19,580"
32,2014 BMW 4 Series 428i,"$24,200"
33,2001 Honda Civic LX,"$1,900"
34,1996 Dodge Ram Pickup,"$12,000"
35,2017 VW Volkswagen Golf Alltrack Black wagon,"$18,220"
36,2016 Honda Accord LX,"$12,000"
37,Toyota - Camry - 2001,"$3,999"
38,Ford - F-2 - 2008,"$6,800"
39,2016 VW Volkswagen Golf SportWagen Red wagon,"$15,880"
40,2003 Ford Windstar,"$1,300"
41,2015 Hyundai Genesis Coupe Casablanca White coupe,"$16,250"
42,1998 Chevrolet Astro,"$1,600"
43,Ram 1500 2018,"$22,999"
44,1995 Toyota Pickup,"$3,800"
45,1998 Chevrolet Astro,"$1,600"
46,Ford - Windstar - 1998,"$2,000"
47,1998 Toyota Corolla. *lowered the price*,$700
48,2016 MINI Cooper Clubman Blue hatchback,"$18,520"
49,Jeep Wrangler Unlimited 2010,"$20,999"
50,2017 Toyota Camry LE,"$15,450"
51,2017 Chrysler 300-Series 300C,"$19,396"
52,2014 Mercedes-Benz Sprinter Passenger Van,"$35,000"
53,Chrysler - LeBaron - 1995,"$6,500"
54,2006 Infiniti G35 Coupe Leather Perf. Tire & Wheel,"$10,000"
55,1995 Acura Integra,"$2,000"
56,2006 Honda CR-V LX 4WD 5AT,"$4,200"
57,1968 Pontiac Bonneville No trim field,"$27,990"
58,Lincoln - MKZ - 2016,"$17,100"
59,2018 Chevy Chevrolet Camaro Silver Ice Metallic Convertible,"$19,030"
60,BMW - X3 - 2006,"$4,900"
61,2006,$400
62,2001 Volkswagen Jetta GLS 1.8T 4AT,"$1,500"
63,2018 Chevy Chevrolet Impala Summit White sedan,"$17,390"
64,2018 Mercedes-Benz GLE GLE 350,"$38,950"
65,2017 Ford Fusion Black sedan,"$15,750"
66,2017 VW Volkswagen Jetta White sedan,"$15,440"
67,2015 Honda Accord Sedan EX,"$14,950"
68,2002 Chevrolet Suburban Z71,"$3,800"
69,2016 Mini Cooper,"$14,200"
70,2009 Volkswagen Routan,"$4,050"
71,2017 Honda Accord Sedan Maroon sedan,"$17,220"
72,Mercedes-Benz S-Class 1998,"$2,500"
73,2006 Ford Mustang GT,"$9,500"
74,2013 BMW 3 Series 328i,"$12,300"
75,2015 BMW 3 Series,"$24,899"
76,2005 Maserati Quattroporte 4dr Sdn,"$18,500"
77,BMW 3 Series 2008,"$6,600"
78,1965 Chevrolet Impala Super Sport,"$35,990"
79,2018 VW Volkswagen Passat Gray sedan,"$16,630"
80,2006 Ford Mustang,"$7,000"
81,2016 Nissan Rogue SL,"$17,900"
82,1996 Chevrolet Silverado 3500,"$2,900"
83,2019 Ford Escape White hatchback,"$19,980"
84,2013 Hyundai Sonata Hybrid Limited,"$10,950"
85,1999 Chevrolet Suburban 1500 4x4 ,$600
86,2016 INFINITI QX50 Black Obsidian hatchback,"$19,780"
87,Ram 1500 2011,"$16,995"
88,2015 Nissan Sentra Silver sedan,"$11,370"
89,2002 - Mercedes - C-Class,"$2,025"
90,1993 Mazda MX-5 / Miata,"$2,900"
91,2003 Chrysler PT Cruiser Base,"$1,300"
92,2005 Toyota Celica,"$1,500"
93,GMC Sierra 1500 2009,"$8,299"
94,2012 Land Rover Range Rover HSE 4WD,"$12,900"
95,2012 Mercedes-Benz C-Class,"$11,800"
96,Nissan-Rogue-2017,"$13,990"
97,Chevrolet Malibu 2013,"$10,999"
98,2005 Ford F-250 Super Duty Lariat SuperCab SWB,"$10,000"
99,1988 Chevrolet Corvette,"$3,500"
100,2016 Chevy Chevrolet Malibu Crystal Red Tintcoat sedan,"$19,190"
101,Honda Accord Sedan 2018,"$15,999"
102,2002 Chevrolet Tahoe,"$5,800"
103,2003 Volkswagen Passat,"$1,900"
104,GMC - Sierra - 1986,"$2,100"
105,2018 Toyota Camry Silver sedan,"$19,380"
106,Chevrolet-Equinox-2011,"$10,999"
107,AM General Hummer 1996,"$44,000"
108,2000 Ford Mustang ,"$2,450"
109,Ford Expedition 2003,"$3,200"
110,2001 Chevrolet Tahoe 4-Wheel Drive,"$2,800"
111,2015 Chrysler 300 Billet Silver Metallic Clearcoat sedan,"$15,360"
112,Mercedes - S - 2006,"$5,265"
113,2017 VW Volkswagen Jetta White sedan,"$16,150"
114,2002 Mercedes C-Class C230,"$1,500"
115,2014 Dodge Challenger 100th Anniversary Appearence Group,"$11,000"
116,1970 Plymouth Superbird No trim field,"$185,990"
117,1995 GMC Sierra C3500 SL LWB,"$3,250"
118,2017 VW Volkswagen Jetta White sedan,"$15,360"
119,2008 Toyota Highlander Sport,"$10,950"
120,2017 Toyota RAV4 Hybrid Limited,"$28,000"
121,Ford - Explorer - 2005,"$4,050"
122,2002 Jeep Grand Cherokee LAREDO,"$1,850"
123,2000 Mercury Grand Marquis GS,$950
124,Mercedes - R - 2011,"$3,159"
125,2014 Ford Focus 5 Door Hatch SE,"$9,999"
126,Lexus - rx 350 - 2008,"$6,400"
127,2014 Ford Mustang V6 Premium,"$12,999"
128,2014 Ford Mustang V6 Premium,"$12,999"
129,2017 Subaru WRX CVT Premium,"$23,800"
130,BMW - 3-Series - 1999,"$3,645"
131,2019 Jeep Cherokee Diamond Black Crystal Pearlcoat hatchback,"$17,950"
132,1998 Ford Explorer (O)EDDIE BAUER,"$1,700"
133,Mercedes - GL - 2012,"$23,092.29"
134,2017 DUCATI Scrambler,"$7,998"
135,2008 Ford Escape Hybrid 4WD,"$7,991"
136, Kicker Comp,$120
137,INFINITI G37 Coupe 2013,"$14,500"
138,1965 Chevrolet C10 Fleetside long bed ,"$8,000"
139,Toyota - RAV4 - 2000,"$3,235.5"
140,2002 Ford Focus,"$1,755"
141,Mercedes-Benz CLK-Class 2005,"$4,980"
142,Lincoln - Town Car - 2004,"$7,695"
143,2012 Dodge Challenger Header Orange coupe,"$17,970"
144,Mercedes - ML320 - 2000,"$2,500"
145,Hyundai Accent 2016,"$7,450"
146,2004 BMW X5,"$2,900"
147,2013 Mercedes-Benz E-Class E 350,"$16,700"
148,2008 Toyota Camry 2.4 Auto,"$3,400"
149,2016 Toyota Camry White sedan,"$17,950"
150,2016,"$16,200"
151,2012 Nissan Murano,$700
152,2000 Oldsmobile Intrigue,"$1,350"
153,2004 Nissan Xterra SE V6 AT,"$3,195"
154,1989 Toyota pickup 2wd 3.0L V6 Hilux,"$1,000"
155,Hyundai - Genesis - 2016,"$8,900"
156,2001 Toyota Corolla S,"$3,400"
157,2005 Hyundai Tucson,"$3,000"
158,2017 Honda Civic Hatchback Gray hatchback,"$18,460"
159,BMW 5 Series 2008,"$7,995"
160,1957 ROLLS ROYCE SILVER CLOUD,"$39,600"
161,1994 Honda Accord,"$1,200"
162,2013 VW Volkswagen Passat TDI SE,"$10,950"
163,Honda - Accord - 1996,"$2,300"
164,2013 Hyundai Tucson Chai Bronze hatchback,"$13,710"
165,2003 Mercedes E-Class E320,"$7,000"
166,2008 BMW X3,"$8,999"
167,Lexus RX 300 2001,"$3,499"
168,2000 Dodge Ram Pickup 1500 REGULAR CAB LWB,"$2,000"
169,18” universal rims,$40
170,2004 Dodge Ram 1500 Pickup SLT Quad Cab SWB,"$3,500"
171,2008 Mercury Grand Marquis LS,"$3,000"
172,Nissan Altima 2014,"$11,999"
173,2018 Chevy Chevrolet Equinox Mosaic Black Metallic hatchback,"$19,780"
174,1966 Ford Mustang GT Tribute,"$46,900"
175,2017 Honda Accord EX-L V6,"$19,994"
176,2013 Nissan Sentra Super Black sedan,"$9,640"
177,2014 Hyundai Sonata Hybrid Limited,"$12,300"
178,2007 Chrysler PT Cruiser,"$2,400"
179,BMW 3 Series 2012,"$12,580"
180,,$60
181,2010 Hino,"$32,000"
182,1993 - Chevrolet - Blazer,"$5,000"
183,2018 Nissan Altima,"$16,990"
184,2010 Audi A3 2.0 TDI Premium Plus S-Line,"$8,991"
185,2018 Ford Escape Silver hatchback,"$16,910"
186,Honda 600 - CBR-F3 - 1997,"$1,267.2"
187,Ford-Ranger-2008,"$10,999"
188,2005 Toyota Highlander Base,"$3,999"
189,2018 Lincoln Navigator,"$79,495"
190,2017 Toyota RAV4 Black hatchback,"$18,810"
191,Suzuki burgman 07 650,"$3,300"
192,2004 Toyota Camry LE V6 5AT,"$2,000"
193,Chevrolet Silverado 1500 2011,"$13,000"
194,2018 Chevy Chevrolet Impala Silver Ice Metallic sedan,"$19,190"
195,Mazda CX-9 2012,"$10,995"
196,Toyota Sienna 2007,"$4,900"
197,2000 Ford,"$3,850"
198,1996 Audi Cabriolet ,$500
199,2004 Honda Civic,"$2,000"
200,1955 Ford F100 1/2 Ton,"$42,990"
201,2018 Nissan Sentra Gun Metallic sedan,"$11,820"
202,Nissan Altima Factory Radio,$24
203,2017 Toyota Camry Silver sedan,"$15,430"
204,2018 BMW M4,"$53,600"
205,1999 Toyota Tacoma XTRACAB V6,"$2,000"
206,2004 Mitsubishi Galant,$430
207,Chevrolet Tahoe 2007,"$13,999"
208,Saturn VUE 2008,"$4,900"
209,2004 Lexus ES,"$2,000"
210,,"$2,000"
211,2003 Mercury Mountaineer Luxury 4.6L AWD,"$4,500"
212,2018 Kia Sportage Mineral Silver hatchback,"$14,910"
213,2007 Chevrolet Silverado 2500HD,"$15,000"
214,2018 VW Volkswagen Passat V6 GT,"$20,500"
215,2003 BMW 3 Series,"$1,600"
216,2016 MINI Cooper Clubman Blue hatchback,"$17,970"
217,memory  08 Honda Accord,"$1,200"
218,2003 Chevrolet Trailblazer 2000$ ,"$2,000"
219,2016 INFINITI QX50 Black Obsidian hatchback,"$19,410"
220,Pontiac G6 2007,"$2,800"
221,Honda Accord Sdn 2010,"$9,995"
222,2005 Toyota Avalon,"$2,900"
223,1997 Chevrolet Blazer 4X4,"$5,200"
224,Chevrolet Malibu 2015,"$13,995"
225,2004 Audi S4,"$5,400"
226,2005 Chevrolet Tahoe,"$8,550"
227,2015 Honda Accord Sedan Sport,"$15,250"
228,1996 Chevrolet Blazer LS,$550
229,Dodge - Dakota - 2005 must sell asap,"$4,850"
230,2019 Ford Escape Black hatchback,"$18,740"
231,Audi A6 2012,"$14,495"
232,1996 Mercury Tracer,$900
233,2006 Saleen S281,"$20,050"
234,2003 Mitsubishi Lancer,"$1,300"
235,2010 Lexus HS 250h,"$5,700"
236,2016 INFINITI QX50 Majestic White hatchback,"$19,780"
237,2004 - Mitsubishi - Galant,$315
238,1999 Dodge Grand Caravan LE AWD,$500
239,2002 Honda Civic LX **READ FIRST**,"$2,200"
240,1999 Honda Accord EX W/LEATHER,"$1,400"
241,2009 Volkswagen Jetta S,"$3,000"
242,1996 - Honda - Accord,"€1,500"
243,2005 Mercedes E-Class,"$7,500"
244,2016 Jeep Renegade Alpine White hatchback,"$16,870"
245,1967 Pontiac GTO No trim field,"$82,990"
246,2008 - Ford - F-150,"$7,800"
247,Acura RDX 2017,Negotiable
248,Cadillac Escalade EXT 2007,"$15,999"
249,,Negotiable
250,2008 Mini Copper S Convertible,"$9,999"
251,2012 Nissan Sentra 2.0,"$8,350"
252,2014 Nissan Rogue Black hatchback,"$16,170"
253,2002 Hyundai Elantra,"$1,200"
254,1994 Buick Park Avenue,"$1,600"
255,2015 Mazda MAZDA3 I Touring 4-Door SKYACTIV,"$13,200"
256,2001 Volkswagen Passat,"$2,000"
257,1981 Buick Skylark,"$1,600"
258,2017 Hyundai Elantra Electric Blue Metallic sedan,"$16,120"
259,MINI Cooper Hardtop 2010,"$5,540"
260,2016 Toyota Camry Gray sedan,"$17,950"
261,2017 Kia Sportage,"$16,900"
262,Hyundai-Sonata-2017,"$12,990"
263,Jeep Wrangler Unlimited 2013,"$21,999"
264,Honda - Civic - 1996,"$2,000"
265,,Negotiable
266,Parts only 2008 Honda Odyssey Touring,$600
267,2007 Infiniti M35,"$5,300"
268,2006 BMW 5 Series 550i,"$2,800"
269,1998 Toyota 4Runner SR5 4X4,"$3,800"
270,2017 Honda Civic Sedan White sedan,"$17,490"
271,2013 Ford C-Max Energi SEL,"$1,200"
272,1996 Infiniti G20,"$1,650"
273,2014 GMC Yukon XL,"$1,000"
274,1998 Ford F-150 XL SUPERCAB FLARESIDE,"$1,850"
275,2017 Honda Accord,"$16,999"
276,2018 Nissan Rogue Glacier White hatchback,"$18,240"
277,BMW 5 Series 2012,"$16,999"
278,1996 Toyota Corolla DX,"$1,200"
279,2013 Nissan Altima Sedan 2.5 CVT,"$7,300"
280,2010 Subaru Impreza Price drop!!,"$6,200"
281,1999 International 4900,"$5,000"
282,2011 Volkswagen Touareg 4dr TDI Exec *Ltd Avail*,"$11,955"
283,2013 Toyota Tacoma,"$18,500"
284,2016 Subaru Legacy Crystal Black Silica sedan,"$15,440"
285,2016 KIA SOUL,"$13,988"
286,2002 Lexus IS,"$4,900"
287,2004 Infiniti FX45 $4k firm dealsmogged 2020 tags ,"$4,410"
288,2018 Toyota CHR Silver hatchback,"$19,140"
289,Mercedes-Benz E-Class 2010,"$8,900"
290,Saab 9-3 2005,"$3,999"
291,Ford Focus 2010,"$5,999"
292,2004 Chevrolet Classic Fleet,"$1,100"
293,2016 Toyota Prius,$135
294,2013 Honda Fit Silver hatchback,"$11,180"
295,2016 Chevrolet Cruze,"$13,995"
296,2014 Ford Mustang GT Premium,$300
297,Ford Mustang 2003,"$3,999"
298,"2005 Ford Explorer Sport Trac, Adrenalin Trim","$4,000"
299,2015 Acura TLX,"$18,500"
300,Lincoln - Navigator - 2002,"$4,300"
301,2001 Mercedes-Benz CLK-Class for sale,"$3,999"
302,2008 Chevrolet Impala LT,"$2,700"
303,2006 Volkswagen Passat,"$2,950"
304,Toyota-RAV4-2014,"$13,990"
305,2016 Toyota RAV4 Blue hatchback,"$15,980"
306,2003 Mercedes C-Class C320,"$3,100"
307,2008 Chevrolet Suburban,"$9,300"
308,2010 Honda CR-V,"$9,800"
309,2014 Chevy Chevrolet Impala Blue Ray Metallic sedan,"$16,510"
310,2012 Honda Fit,"$7,900"
311,2005 Toyota Corolla,$1
312,1991 Cadillac Coupe de Ville,$550
313,1998 Honda Civic,$800
314,2012 Nissan Versa 1.8 S AT,"$4,700"
315,2003 - GMC - Yukon XL,$1
316,2004 Land Rover Range Rover parts ,$1
317,2017 Nissan Versa Note S Plus,"$10,950"
318,1961 Rolls Royce Silver Cloud II No trim field,"$84,990"
319,2003 GMC Envoy,"$3,300"
320,Toyota - Sequoia - 2003,"$6,750"
321,2015 Mazda Mazda6 Liquid Silver Metallic sedan,"$12,680"
322,2019 Kawasaki Ninja 650,"$6,999"
323,Ford Super Duty F-550 DRW 2009,"$14,999"
324,2005 Chevrolet Silverado 2500HD,"$11,990"
325,2003 Mitsubishi Lancer,"$1,300"
326,1995 GMC Sierra,"$1,000"
327,GMC - Suburban - 1999,"$1,600"
328,Lincoln - Town Car L Series - 2006,"$2,800"
329,2016 Honda Accord Sedan Black sedan,"$16,890"
330,Ford F-150 2016,"$27,999"
331,1998 Honda Civic,"$1,600"
332,Honda Accord Sedan 2019,"$20,999"
333,2005 Honda Civic tagged ,"$3,200"
334,2010 Kia Rio 4cyl Automatic with Air Conditioning C/D with X M Radio Great gas mileage up to 36 mpg,"$2,800"
335,2008 Toyota Prius Hybrid Touring,"$2,500"
336,2005 Nissan Altima 2.5 S with SL Package,"$1,500"
337,Dodge - Dakota - 1993,"$2,200"
338,2010 - Chevrolet - Malibu,"$6,500"
339,,"$1,850"
340,Dodge - Ram - 2001,$151.2
341,2007 Chevrolet Silverado 1500 Work Truck Extended Cab MWB,"$9,900"
342,2008 Jeep Liberty,"$5,599"
343,2012 GMC Acadia AWD SLE,"$7,500"
344,2016 Honda Fit EX,"$16,997"
345,Acura TL 2005,"$5,900"
346,BMW 6 Series 2007,"$15,999"
347,2008 Honda Civic,"$3,900"
348,2005 Saturn L300 2 Sedan,"$4,000"
349,2016 Mercedes-Benz C-Class C300 4MATIC®,$1
350,2018 Ford Focus White hatchback,"$12,240"
351,runs excellent** 2006 Nissan Murano ***,"$1,000"
352,2011 Audi A3 Wagon 2.0t TDi 68k miles 40 MPG!,"$8,950"
353,2015 genesis 3.8 348hp ,"$10,000"
354,2004 Ford Excursion 137  WB 6.0L Special Serv 4WD,"$62,449"
355,2018 Chrysler 300 Granite Crystal Metallic Clearcoat sedan,"$18,770"
356,2016 Toyota Prius c for sale,"$9,999"
357,2014 Hyundai Sonata GLS I4 A/T PZEV,"$8,000"
358,2003 Toyota Prius,"$2,500"
359,2017 Honda Civic Sedan Gray sedan,"$16,300"
360,2005 Toyota Tacoma,"$3,500"
361,Hyundai - Elantra / Avante - 2010,"$4,500"
362,2014 Infiniti,"$15,000"
363,2002 Mercedes SLK-Class SLK230 Kompressor,"$3,500"
364,BMW - 4 Series - 2003,Negotiable
365,2001 Chevrolet Suburban,"$1,100"
366,2001 Lexus LS,"$6,000"
367,Toyota Land Cruiser 2003,"$18,999"
368,1998 Ford Mustang,"$1,450"
369,Kia Soul 2013,"$7,995"
370,2014 Hyundai Santa Fe Sport Moonstone Silver hatchback,"$14,650"
371,Ford Focus 2015,"$7,450"
372,2014 Honda CRV Black hatchback,"$17,830"
373,2016 Subaru BRZ,"$17,000"
374,Honda Accord Sdn 2013,"$13,999"
375,Chevrolet Silverado 1500 2014,"$23,999"
376,Black & Decker Lithium ION Flex Auto Vacuum HFVAB320JCB,$72
377,2017 GMC Terrain Summit White hatchback,"$19,350"
378,2015 Kawasaki Ninja 300,"$3,999"
379,2004 Ford Expedition Eddie Bauer 4x4,"$2,900"
380,2004 Ford Mustang 4.6 GT Premium,"$3,350"
381,Toyota Matrix 2010,"$8,400"
382,1997 Toyota,"$1,800"
383,2014 BMW 2 Series M235i,"$19,800"
384,2007 Jaguar XJ Series XJ8 L,"$3,800"
385,1964 Chevrolet Impala Super Sport,"$49,990"
386,2008 Honda Civic Hybrid CVT w/Navi,"$2,900"
387,2002 Ford Mustang $1800 obo,"$1,800"
388,2015 Toyota Camry Black sedan,"$13,850"
389,2010 Nissan Altima,"$2,900"
390,Ram 1500 2015,"$21,999"
391,2005 Mercedes-Benz E-Class,"$6,000"
392,2016 Honda Accord Sedan Silver sedan,"$19,050"
393,BMW - 5-Series - 2001,"$3,555"
394,2008 Nissan Altima 2.5,"$3,800"
395,2018 Nissan Maxima Brilliant Silver sedan,"$19,260"
396,Audi - A4 - 2001,"$2,600"
397,2012 Toyota Corolla LE,"$8,950"
398,2004 BMW 5 Series,"$4,500"
399,2015 Chevy Chevrolet Trax LT,"$14,500"
400,2000 Toyota Camry,"$2,500"
401,2010 Toyota Camry,"$5,040"
402,2018 Jeep Wrangler JK Unlimited Sport,"$33,395"
403,2006 Nissan Armada,"$3,700"
404,2016 Honda Accord Sedan Blue sedan,"$18,560"
405,1990 Toyota Boxtruck,"$3,600"
406,2002 Honda Accord LX SRS,$350
407,2015 Toyota Sienna Blue mini-van,"$19,930"
408,2008 Nissan Titan,"$12,000"
409,Mercedes-Benz 190-Series 1987,"$14,500"
410,Ford Explorer 2013,"$11,991"
411,Mercedes-Benz CLA 2016,"$35,999"
412,1956 Chevrolet Bel Air,"$10,000"
413,2016 Buick Encore Quicksilver Metallic hatchback,"$16,460"
414,1965 Ford Mustang GT K Code,"$57,900"
415,1982 Chevrolet CUSTOM DELUXE,"$4,800"
416,2012 Toyota Prius PlugIn Advanced,"$10,400"
417,Jeep - Grand Cherokee - 2006,"$6,500"
418,2012 Subaru Impreza Sedan WRX WRX,"$15,900"
419,1999 Chevrolet Camaro SS/Z28 Ls1 6 Speed Pink,"$4,000"
420,2007 Honda Odyssey EX-L EX w/ Leather,"$7,991"
421,2005 Chrysler PT Cruiser,"$2,700"
422,2015 Toyota Highlander XLE,"$25,950"
423,2010 Kia Soul + 2.0L AT,"$5,000"
424,2003 - 2007 Honda Accord Haynes Repair Manual,$10
425,GM Full Size Truck Repair Manual - 1999 - 2006,$9
426,2017 VW Volkswagen Passat White sedan,"$15,950"
427,Dodge Charger 2018,"$17,999"
428,2000 Toyota  Siena ,"$1,200"
429,2017 Fiat 500,"$11,500"
430,1994 Plymouth Voyager,$700
431,2018 Ford Taurus Black sedan,"$17,430"
432,2005 Chevrolet Uplander LS,"$1,800"
433,1999 Toyota Camry LE V6 4AT,"$1,200"
434,2017 Ford Escape Gray hatchback,"$18,620"
435,1972 Chevrolet Impala (donk),$1
436,Cadillac - Eldorado - 1987,"$1,822.5"
437,2009 Pontiac G6 GT,"$4,500"
438,2000 Lexus GS,"$3,300"
439,BMW 3 Series 2003,"$2,900"
440,2008 Honda Accord,"$3,800"
441,2000 Subaru Outback,"$1,500"
442,2007 Toyota Camry SE,"$4,500"
443,2018 Hyundai Elantra Lakeside Blue sedan,"$12,980"
444,1928 Ford Model A,"$10,000"
445,2001 Honda Civic DX,$700
446,1979 Cadillac DeVille,"$6,000"
447,Dodge Dart 2013,"$8,999"
448,2006 Nissan Altima,"$1,000"
449,03 Acura MDX,"$4,500"
450,2016 Ford Focus 5 Door Hatch SE,"$11,800"
451,2000 Toyota Sienna,"$2,500"
452,Lexus GS,"$1,650"
453,2014 BMW X1 Gray hatchback,"$16,190"
454,2006 Toyota Prius Hybrid,"$3,800"
455,2005 Acura RSX 5MT Leather,"$5,400"
456,2006 Nissan Xterra,"$3,700"
457,2014 Hyundai Sonata Pacific Blue Pearl sedan,"$14,380"
458,2005 Toyota Camry,"$3,400"
459,2008 Dodge 5500,"$28,350"
460,2005 Saab 9-3,"$2,200"
461,BMW 3 Series 2007,"$6,900"
462,2001 Ford Expedition,"$2,500"
463,1999 Acura CL,"$2,000"
464,Honda - Civic - 2004,"$2,700"
465,Ford - Mustang - 2008,"$7,650"
466,Honda Fit 2016,"$13,750"
467,2002 Lexus GS 300,"$3,200"
468,2007 Mazda MAZDA3 2.3 MAZDASPEED3 Sport,"$4,300"
469,Fleetwood Bounder 39z,"$25,499"
470,2004 Volkswagen Golf GLS,"$2,200"
471,2001 Volkswagen New Beetle,"$1,500"
472,2017 Subaru Legacy Carbide Gray Metallic sedan,"$16,140"
473,1971 Ford E-Series Econoline Van,"$4,000"
474,2014 Nissan Frontier,"$26,000"
475,2016 Nissan Altima Java Metallic sedan,"$16,150"
476,2012 Chevrolet Silverado 1500 LTZ 4X4 Crew Cab,$100
477,Cadillac Escalade 2011,"$18,999"
478,Audi A3 2011,"$7,940"
479,2000 Porsche 911 Carrera Cabriolet,"$5,000"
480,Nissan-Versa-2008,"$4,995"
481,2004 Volkswagen Passat,"$2,500"
482,2004 VW JETTA GLI TURBO SEDAN ,"$5,990"
483,2009 Dodge Challenger srt8,"$12,000"
484,2007 harley davidson Road King Screamin Eagle,"$5,900"
485,2009 Toyota Camry 2.4 Auto Hybrid,"$5,200"
486,Plymouth Duster 1976,"$6,450"
487,2001 Honda Accord,"$2,600"
488,2001 Infiniti I30 Luxury,"$2,600"
489,2014 Honda CRV LX,"$16,400"
490,Original Noval Bezel,$80
491,2015 Hyundai Sonata Symphony Silver sedan,"$12,850"
492,2002 Buick Park Avenue,"$1,200"
493,2004 BMW X3,"$3,700"
494,2006 Acura TL,"$3,300"
495,Mazda MX-5 Miata 2001,"$6,695"
496,1932 Ford Deuce No trim field,"$54,990"
497,2004 Toyota Camry Standard 4AT,"$2,900"
498,2006 Ford Five Hundred,$650
499,2014 Chevrolet Sonic for sale,"$6,899"
500,2006 Buick LaCrosse,"$1,500"
501,2015 Kia Sorento Bright Silver hatchback,"$15,630"
502,Toyota Sienna 2006,"$4,900"
503,2012 Chevrolet Suburban 4WD 2500 LT,"$34,000"
504,Acura - TSX - 2006,"$3,950"
505,2013 Chevrolet Silverado 1500,"$13,000"
506,2010 Chevrolet Malibu 1LT,"$3,800"
507,2000 Toyota Camry,"$3,000"
508,1994 Jeep Wrangler,$150
509,2003 BMW 3 Series,"$2,500"
510,2015 Nissan Altima,"$12,500"
511,2004 Chevrolet Impala,"$2,000"
512,2016 Honda HRV Blue hatchback,"$18,410"
513,2007 Land Rover Range Rover Sport,"$7,800"
514,2001 Honda Accord 3.0 EX 4AT w/Leather,"$1,700"
515,,$50
516,2005 Ford Mustang V-6,"$7,000"
517,1996 Isuzu Rodeo 3.2 S 4X4 AT,"$1,800"
518,2017 Nissan Sentra Super Black sedan,"$11,100"
519,Chrysler 300 2008,"$6,999"
520,Kia - Amanti - 2004,"$2,300"
521,Toyota RAV4 2006,"$7,731"
522,2004 Mercedes-Benz C-Class,$800
523,2008 Chevrolet Corvette,$450
524,2009 Hyundai Genesis (4.6 V8) Low miles 111k,"$6,800"
525,2016 Chevy Chevrolet Equinox Silver Ice Metallic hatchback,"$17,440"
526,2008 Toyota Camry (Hybrid) low miles 148k ,"$4,600"
527,2004 V8 4.6L Ford Explorer runs great ,"$2,000"
528,1952 Chevrolet Delivery No trim field,"$39,990"
529,2015 Chevrolet Equinox,"$8,500"
530,2011 Lexus RX 350 Gold hatchback,"$18,020"
531,1999 BMW M3 GRAY,"$11,299"
532,2017 Honda Accord Sedan Red sedan,"$18,750"
533,2008 BMW X3 3.0si,"$7,500"
534,Mercedes benz ml340,"$2,000"
535,2018 Nissan Sentra Gun Metallic sedan,"$12,850"
536,2001 Audi A6 Quattro,"$1,200"
537,Porsche - Boxster - 2006,"$9,000"
538,2002 Dodge Ram 3500 Pickup,"$20,000"
539,2012 Volkswagen Jetta,"$4,000"
540,2016 Dodge Charger Pitch Black Clearcoat sedan,"$18,150"
541,Toyota-Avalon-2003,"$4,990"
542,2014 BMW X1 sDrive28i,"$12,950"
543,2018 Honda CR-V LX,"$23,997"
544,Volkswagen Beetle Coupe 2013,"$10,750"
545,20 inch Audi OEM Wheels and tires 265/40/20 Pireli x4,"$1,200"
546,2000 Ford F-350 Super Duty XLT 7.3 diesel SWB,"$6,900"
547,Chevrolet Silverado 1500 2013,"$16,750"
548,2015 Nissan Versa for sale,"$3,999"
549,2018 FIAT 500X Grigio Graphite (Graphite Gray) hatchback,"$15,650"
550,Ford - Explorer - 2017,"$25,250"
551,2017 Jeep Renegade Altitude,"$15,500"
552,2009 Toyota Venza FWD V6,"$12,000"
553,2017 Toyota Corolla Red sedan,"$17,040"
554,2015 Jeep Renegade Black hatchback,"$18,410"
555,Honda Accord Sedan 2018,"$28,999"
556,Chevrolet Camaro 1991,"$11,500"
557,2016 FORD EDGE,"$16,988"
558,Toyota Yaris 2015,"$12,995"
559,2017 Mazda Mazda6 Sonic Silver Metallic sedan,"$19,430"
560,2017 Toyota 86 860 Special Edition,"$23,950"
561,2016 Buick Encore Quicksilver Metallic hatchback,"$15,940"
562,Cadillac - Escalade - 2004,"$18,900"
563,BMW 5 Series 2008,"$6,495"
564,2007 Ford Explorer Sport Trac,"$7,200"
565,1969 Lincoln Continental Mark III,"$15,990"
566,2003 Jaguar S-Type,"$3,000"
567,2016 Kia Sorento Ebony Black hatchback,"$15,960"
568,Volvo - XC90 - 2004,"$1,080"
569,2009 Mini Cooper-Clubman,"$4,455"
570,2017,$350
571,2016 Toyota Corolla White sedan,"$14,140"
572,2008 Ford E-Series Econoline Van,"$5,000"
573,2011 Honda CRV EX,"$12,250"
574,2015 BMW 4 Series 428i,"$20,650"
575,Honda CR-V 2011,"$8,940"
576,Hyundai Veloster 2013,"$6,999"
577,Nissan NV200 Compact Cargo 2019,"$18,999"
578,2016 Toyota Corolla Gray sedan,"$15,230"
579,Dodge - Durango - 2004,"$2,268"
580,2013 BMW 3 Series Gray sedan,"$15,100"
581,1999 Mercedes SL-Class,"$8,000"
582,2006 Mazda rx8,"$5,000"
583,Honda Accord Sedan 2018,"$28,999"
584,2015 Hyundai Tucson Winter White Solid hatchback,"$15,100"
585,2000 Chevrolet Suburban,"$1,800"
586,BMW - 7-Series - 2012,"$14,350"
587,2013 Toyota Corolla LE,"$10,950"
588,1998 Dodge Dakota (O)CLUB CAB,$900
589,2014 Dodge Dart Billet Silver Metallic Clearcoat sedan,"$12,470"
590,2002 GMC Envoy XL,"$3,299"
591,2017 Toyota Camry Black sedan,"$17,890"
592,1966 Ford Mustang No trim field,"$29,900"
593,1970 Chevrolet C10 Yenko Tribute,"$36,303"
594,2017 Chevy Chevrolet Trax Summit White hatchback,"$15,810"
595,BMW - Z4 - 2012,"$12,900"
596,Ford Mustang 2014,"$15,995"
597,2018 Jeep Renegade Alpine White hatchback,"$18,430"
598,2003 Chevrolet TrailBlazer 4WD LS,"$1,300"
599,1998 Chevrolet Tahoe LS 4X4,"$3,000"
600,2012 Ford Fiesta,"$4,500"
601,2015 Lexus RX 450h 450h,"$24,950"
602,2015 Dodge Charger Billet Silver Metallic Clearcoat sedan,"$19,780"
603,1996 Nissan Maxima SE 4D Sedan,"$3,800"
604,Toyota Tacoma 2013,"$5,999"
605,2018 Nissan Sentra Gun Metallic sedan,"$12,150"
606,Honda Accord Sdn 2008,"$4,900"
607,2018 Kawasaki Ninja 1000,"$10,498"
608,2013 Nissan Pathfinder Moonlight White hatchback,"$16,890"
609,Ford-F-350 Super Duty-2008,"$15,999"
610,Ford Fiesta 2012,"$5,980"
611,2015 Subaru Impreza Sedan 2.0i,"$13,600"
612,2017 Hyundai Elantra Quartz White Pearl sedan,"$16,810"
613,2019 Chevy Chevrolet Impala Mosaic Black Metallic sedan,"$18,520"
614,2001 Chevrolet Tahoe,"$2,400"
615,Ford Fusion 2017,"$14,900"
616,2018 Buick Encore Quicksilver Metallic hatchback,"$17,310"
617,1968 Chevrolet Chevelle Street Hot Rod,"$55,500"
618,2018 Chevy Chevrolet Cruze Graphite Metallic sedan,"$15,810"
619,1975 - Chevrolet - C/K,"$2,520"
620,1970 Plymouth GTX No trim field,"$46,900"
621,Chevrolet Malibu 2015,"$12,999"
622,GMC Yukon Denali 2006,"$8,992"
623,2017 Mercedes-Benz CLA 4dr Sdn CLA 250 4MATIC,"$24,995"
624,Honda Civic Coupe 2014,"$15,999"
625,2015 Jeep Grand Cherokee Bright White Clearcoat hatchback,"$19,140"
626,2014 Ford Edge Black hatchback,"$15,470"
627,Jeep Patriot 2014,"$7,775"
628,BMW 5 Series 2006,"$4,900"
629,Nissan - Frontier - 2003,"$4,000"
630,1997 Lincoln Navigator,"$1,250"
631,1999 Acura Integra GS,$200
632,2004 Audi S4 4.2L V8 Sedan - Registered until 11/20 - Title In Hand,"$7,000"
633,Cadillac Allante,Negotiable
634,2001 Honda Civic,$700
635,2003 Honda Accord EX,"$2,800"
636,2002 Chevrolet Tahoe,$250
637,2016 Chevrolet Silverado 1500,$350
638,Cadillac DTS 2011,"$9,999"
639,2006 Mercedes-Benz SL-Class,"$18,500"
640,2006 Mercedes-Benz SL-Class,"$18,500"
641,Honda - Civic - 2001,$500
642,1925 Chevrolet Classic,"$4,000"
643,Car jack,$15
644,Honda odyssey ,"$2,250"
645,2002 Nissan Pathfinder,"$6,500"
646,2015 Hyundai Elantra 1.8 Limited A/T,"$7,500"
647,Jaguar - XK8 - 1998,"$6,995"
648,2003 Ford Windstar Van,"$1,900"
649,1951 henry j ,"$4,000"
650,2019,$25
651,Chevrolet - Advance Design - 1949,"$10,000"
652,,$950
653,2006 Chrysler 300,"$4,250"
654,Nissan Pathfinder SE 4WD 93k Clean CarFax 1 Owner ,"$14,200"
655,"***2017 Silver, Mid-Size Mazda3 Sport W/Extra's***","$16,800"
656,Honda pilot,"$4,800"
657,,Negotiable
658,,Negotiable
659,1996 Honda Civic,$800
660,,$30
661,2003 Nissan Murano SE AWD AT,$500
662,1925 Ford,"$4,000"
663,1999 Mercedes M-Class (old)ML430,"$3,500"
664,Chevrolet - El Camino - 1976,"$4,500"
665,2000 Subaru Outback,"$2,400"
666,2007 Dodge Caliber,"$2,500"
667,,"$16,800"
668,Underglow ,$100
669,2005 GMC Sierra 1500,"$6,000"
670,2002 Nissan Altima,$900
671,2013 Toyota Tacoma,"$8,500"
672,Nissan - 200ser - 1995,$12
673,2000 Honda Civic,"$2,800"
674,1991 Cadillac Coupe de Ville (read description) ,$10
675,2007 Ford Explorer,"$4,410"
676,1988 Mazda RX-7,$1
677,2014 Chrysler 300,"$18,000"
678,1988 Mazda RX-7,Negotiable
679,2004 BMW 3 Series,"$4,200"
680,1997 Toyota 4Runner,"$7,500"
681,All Original Condition TOYOTA TACOMAGood condition (inside out),"$25,555"
682,1992 GMC Suburban,"$1,360"
683,2004 Nissan 350Z Base MT,"$3,000"
684,1995 Acura Integra parts 5 speed,$0.8
685,2003 Honda Civic si,"$2,400"
686,2001 BMW 3 Series,"$1,100"
687,1963 Chevrolet C/K,"$10,000"
688,2017 Mitsubishi Lancer White sedan,"$12,810"
689,2004 Malibu Hatchback,"$1,800"
690,Dodge - Avenger - 2009,"$1,100"
691,2009 Volkswagen GTI,"$3,500"
692,Mercedes - S-Class - 2001,"$1,000"
693,1997 Toyota Camry,"$1,000"
694,1968 AMC AMX,"$11,500"
695,2001 Volkswagen Jetta,"$1,620"
696,Chevrolet - Avalanche - 2002,"$1,500"
697,Hyundai - Santa Fe - 2005,$700
698,Toyota - GTS - 2000,"$3,400"
699,1998 Honda Civic,"$1,600"
700,Toyota - Sienna - 2004,$995
701,2006 Nissan Xterra,"$1,850"
702,2001 Chevrolet Silverado,"$5,999"
703,Toyota - Prius - 2005,"$5,800"
704,2004 Nissan Titan XE 4X4 King Cab,"$5,000"
705,OEM 2006 Yamaha YZFR1 R1 Dual Exhaust Mufflers - Low Miles,$100
706,Ford - Explorer - 1998,"$1,200"
707,2001 Chevrolet Suburban,"$4,998"
708,2005 Ford F-150,"$4,500"
709,2016 Chrysler 300 Velvet Red Pearlcoat sedan,"$18,240"
710,Nissan - Altima - 2007,$24
711,GMC - Sierra - 2004,"$14,000"
712,Nissan side window deflector,$72
713,2017 Toyota Prius Four,"$20,950"
714,Ford Explorer 2017,"$19,750"
715,Hyundai-Elantra Touring-2010,"$6,999"
716,2017 Mazda CX5 Grand Select,"$23,800"
717,2018 VW Volkswagen Golf SportWagen Gray wagon,"$17,790"
718,2017 Jeep Compass Trailhawk,"$23,950"
719,2003 Oldsmobile Alero,$270
720,1964 CHEVROLET IMPALA,"$36,049"
721,Lincoln - Navigator - 2004,Negotiable
722,1999 Jaguar XJ Series,"$4,500"
723,Dodge - Ram - 2006,"$11,500"
724,2013 Ferrari,$36
725,2016 INFINITI QX50,"$23,698"
726,2001 Subaru Impreza,"$5,200"
727,2016 INFINITI QX50 Majestic White hatchback,"$19,380"
728,Honda Civic Coupe 2016,"$15,480"
729,1980 Ford F-250,"$2,000"
730,Toyota Camry 2015,"$13,999"
731,2009 Volkswagen CC Parts,$400
732,2014 Honda Accord Sedan LX,"$12,550"
733,1997 BMW 3 Series,"$2,500"
734,1991 Ford F-250 diesel7.3 torbo engine,"$7,400"
735,2005 Subaru Outback LL Bean,"$4,900"
736,2002 - Toyota - Tacoma,"$5,500"
737,1997 Honda Prelude (READ DESCRIPTION) ,$360
738,2002 Nissan Xterra XE V6,"$3,500"
739,2000 Mazda 626,"$2,200"
740,2016 Chevy Chevrolet Trax Cyber Gray Metallic hatchback,"$13,240"
741,2001 Subaru Impreza,$250
742,2018 Honda Fit Orange hatchback,"$14,720"
743,Chevrolet Tahoe 2009,"$13,999"
744,2006 BMW 7 Series 750Li,"$4,800"
745,1997 GMC Sierra C1500 SL CLUB COUPE LWB,"$2,200"
746,2004 Infiniti G35 Sport Coupe,"$7,000"
747,2016 Toyota Prius Gray hatchback,"$18,940"
748,2005 Honda Civic,"$2,750"
749,2019 Ford Escape Gray hatchback,"$18,740"
750,2006 Mazda MPV,"$2,750"
751,2017 Honda Civic Sedan EX-T,"$17,950"
752,2010 Acura RDX,"$11,000"
753,2000 Chevrolet Silverado,"$2,000"
754,Ford 250 chrome hub caps,$50
755,2016 Buick Regal Quicksilver Metallic sedan,"$18,590"
756,2008 Ford Mustang,$80
757,2004 mini cooper,"$2,800"
758,1992 Ford Mustang,"$7,500"
759,2002 Acura CL type S,"$2,500"
760,For Parts only Suzuki - Grand Vitara - 2001,$224
761,Cadillac - Escalade - 2004,"$5,100"
762,2005 Jeep Grand Cherokee Laredo,"$4,100"
763,2018 Ford Focus Silver sedan,"$11,740"
764,Ford Explorer 2014,"$17,999"
765,Ford - E-Series - 1993,"$12,000"
766,1997 Honda Civic,"$2,100"
767,2014 Hyundai Genesis 3.8L,"$12,400"
768,2008 Chrysler Town & Country,"$4,777"
769,1994 Chevrolet C1500,"$2,000"
770,2016 Nissan Rogue Pearl White hatchback,"$16,090"
771,2007 Lexus RX 350 Base AWD 4dr SUV,"$7,500"
772,2018 Toyota Tacoma,$150
773,2016 VW Volkswagen Jetta Sedan Silver sedan,"$12,460"
774,2018 Toyota Tacoma,$150
775,2003 -2007 infinity g35/350z upper control arms (new) OBO,$50
776,2006 Nissan Armada SE 4X2,"$5,000"
777,2003 Nissan Altima,"$3,499"
778,2005 Audi A4,"$4,000"
779,2005 Infiniti G35,"$4,699"
780,2012 Mazda Mazda5 Touring,"$9,950"
781,2018 Jeep Renegade Alpine White hatchback,"$18,780"
782,Ford F-150 2019,"$27,999"
783,2015 Kawasaki Ninja 300,"$3,999"
784,2007 Chevrolet Avalanche 2WD Avalanche w/1LS,"$12,000"
785,2005 Honda Accord LX,"$4,950"
786,2018 Honda Civic,"$15,999"
787,2007 Honda Accord SE Sedan AT,"$6,991"
788,2005 Nissan Altima,"$3,299"
789,2007 Honda Accord,"$5,499"
790,1998 Honda Accord,"$2,500"
791,2018 Chrysler 300 Billet Silver Metallic Clearcoat sedan,"$19,860"
792,2007 Ford Focus,"$3,199"
793,2001 Ford F-150,"$3,400"
794,2016 Toyota Corolla Blue sedan,"$15,100"
795,2014 Mercedes-Benz E-Class White sedan,"$19,140"
796,Toyota Corolla 2016,"$15,777"
797,2008 NISSAN ROGUE SILVER     ( [PHONE NUMBER HIDDEN] ‬,"$4,900"
798,2006 BMW 3 Series,"$4,499"
799,Chevrolet CC4500 2004,"$17,500"
800,1994 Jeep Grand Cherokee,"$1,800"
801,2015 Hyundai Elantra Shale Gray Metallic sedan,"$11,420"
802,1995 Ford F-350 CC 4X4,$100
803,Audi - B5 S4 or C5’s,$210
804,2018 Honda Civic Sedan Gray sedan,"$18,880"
805,2016 Honda Accord Sedan EX-L,"$18,050"
806,BMW - 2004 READ ADD,$874.8
807,1998 BMW,"$2,300"
808,2003 Infiniti FX45,"$6,000"
809,2018 Ford Mustang,"$23,000"
810,2016 Chrysler 300 Granite Crystal Metallic Clearcoat sedan,"$19,380"
811,Mercedes-Benz C-Class 2011,"$9,495"
812,Chevrolet Silverado 1500 2002,"$10,500"
813,Michelin Pilot Sport A/S 3+,$207
814,2016 Chevy Chevrolet Malibu Summit White sedan,"$15,100"
815,2017 Honda Fit Gray hatchback,"$14,650"
816,1965 Ford Mustang,"$44,000"
817,2010 Volkswagen GTI,"$7,800"
818,2012 Ram 1500 Bright Silver Metallic pickup,"$19,430"
819,Volvo XC90 2006,"$4,600"
820,Toyota-Camry-2017,"$13,990"
821,2015 VW Volkswagen Jetta Sedan Black sedan,"$15,440"
822,2013 Ford Escape,"$5,000"
823,1996 Ford Aerostar Van,"$1,400"
824,Acura RDX 2017,"$22,450"
825,2000 Dodge Intrepid,$500
826,2006 Saturn ION,"$2,500"
827,2017 Dodge Challenger R/T Scat Pack,"$28,600"
828,2017 Toyota Camry White sedan,"$16,930"
829,Toyota - Celica - 1994,"$1,800"
830,Spike Spider Chains,$88
831,1999 Isuzu Rodeo LSE 4AT,"$1,500"
832,Toyota Camry 2018,"$23,999"
833,2001 Subaru Legacy car still runs AWD ,$0.7
834,2001 Toyota Sienna for sale,"$3,999"
835,2015 Kia Soul Clear White hatchback,"$12,680"
836,2007 Volkswagen Rabbit 2.5L 6AT,"$4,500"
837,2004 Nissan Xterra,"$5,999"
838,2016 Dodge Charger SE,"$17,950"
839,2016 Nissan Pathfinder Platinum,"$19,697"
840,2016 Audi A3 1.8T Premium,"$17,500"
841,1980 Volkswagen Transporter / Kombi / Bus  / Vanagon / Multivan /Caravelle,"$12,000"
842,Honda Accord Sedan 2018,"$28,999"
843,2016 Toyota RAV4 White hatchback,"$17,970"
844,2015 Jeep Grand Cherokee Brilliant Black Crystal Pearlcoat hatchback,"$19,140"
845,BMW 3 Series 2007,"$8,195"
846,Toyota Corolla 2013,"$11,491"
847,BMW 3 Series 2008,"$8,499"
848,2017 Yamaha R6,"$9,998"
849,Mercedes-Benz-C-Class-2012,"$12,999"
850,2005 Mazda RX-8 6MT,"$4,700"
851,Fab-Tech Fiberglass Front End Kit,$180
852,1964 Cadillac DeVille,"$3,399"
853,2002 Honda Civic,"$3,199"
854,2015 Hyundai Elantra Limited,"$11,400"
855,2016 Mazda CX3 Soul Red Metallic hatchback,"$17,730"
856,2001 Ford Expedition,"$1,000"
857,2001 Mercedes E430,"$2,000"
858,BMW X5 2006,"$5,990"
859,2014 Chevy Chevrolet Camaro Black coupe,"$18,920"
860,Mazda MX-5 Miata 2010,"$10,995"
861,2018 Nissan Rogue Gun Metallic hatchback,"$17,750"
862,Ford Flex 2011,"$10,399"
863,2003 Mercury Grand Marquis,"$1,500"
864,2018 Nissan Murano Brilliant Silver Metallic hatchback,"$19,000"
865,BMW-3 Series-2007,"$7,990"
866,2015 Subaru XV Crosstrek Desert Khaki hatchback,"$18,750"
867,2003 Infiniti I35 Luxury Model w/ Sunroof&Sunshade Pkg,"$2,100"
868,1985 Ford F-150,"$2,000"
869,Nissan Maxima 2019,"$21,999"
870,2016 Jeep Cherokee Latitude,"$15,900"
871,Dodge - Dakota - 2002,"$1,750"
872,Ford - F-250 - 2009,"$14,200"
873,2014 Caddy Cadillac ATS Mocha Steel Metallic sedan,"$15,680"
874,BMW - 3-Series - 2011,"$6,950"
875,2003 Isuzu Axiom,"$2,950"
876,2002 Ford Mustang,"$3,000"
877,2008 Audi Q7 3.6 quattro Premium,"$6,500"
878,2001 Jeep Grand Cherokee LAREDO,"$2,400"
879,2007 Chevrolet Suburban Z71 4X4,"$7,500"
880,2006 Lexus GS,"$9,800"
881,2001 Honda Accord,"$1,800"
882,Black camper ,$50
883,2017 Chrysler 300,"$18,995"
884,1997 Mazda B-Series,"$1,800"
885,Toyota Prius v 2012,"$9,940"
886,2015 Chevy Chevrolet Camaro Summit White coupe,"$15,950"
887,1967 Pontiac GTO No trim field,"$92,500"
888,2007 GMC Acadia,$45
889,1998 Infiniti I30,"$1,100"
890,2017 Ford Mustang Red Convertible,"$19,780"
891,1989 Honda Civic,"$2,400"
892,2015 VW Volkswagen Beetle Convertible Silver Convertible,"$14,670"
893,4PC SET silver hubcap wheel cover ,$14
894,Mitsubishi Outlander 2011,"$6,800"
895,2017 Chevy Chevrolet Camaro 1LT,"$20,950"
896,BMW - 650i- 2007 (no trades),"$12,000"
897,1988 Chevrolet Caprice,"$3,500"
898,1998 Chevrolet Suburban,$400
899,Honda Pilot 2011,"$14,999"
900,2009 Honda Odyssey for sale,"$7,999"
901,2016 Nissan Pathfinder White hatchback,"$16,430"
902,2004 Infiniti G35,"$4,300"
903,2002 Hyundai Accent GS,"$1,000"
904,2010 ACURA TL,"$12,888"
905,2003 Honda Civic,"$1,588"
906,,$150
907,2018 Chevy Chevrolet Equinox Summit White hatchback,"$15,980"
908,2014 Mazda Mazda6 Liquid Silver Metallic sedan,"$13,630"
909,2013 Nissan Altima Pearl White sedan,"$10,210"
910,2005 Dodge Magnum,$450
911,Scion xB 2013,"$8,999"
912,2000 Acura Integra GS-R,"$1,500"
913,Honda - Civic - 1991,$990
914,2012 BMW 3 Series 328i,"$12,050"
915,Ford - Ranger - 1995,"$3,200"
916,1999 Chrysler Town & Country,"$1,100"
917,1964 Chevrolet 3100 5-Window,"$42,825"
918,2016 BMW 3 Series 340i,"$27,700"
919,2016 Ford Mustang Black Convertible,"$19,240"
920,1990 Ford F-350,"$1,300"
921,1997 Honda Accord,"$2,500"
922,2012 Honda Fit Sport,"$9,200"
923,2013 Mercedes-Benz C-Class C 250,"$11,650"
924,2003 Lexus IS,"$2,500"
925,2014 Lexus GS 350 350,"$19,650"
926,2016 BMW 2 Series,"$18,400"
927,2017 VW Volkswagen Tiguan White hatchback,"$15,710"
928,2001 Chevrolet Express Cargo,"$2,500"
929,2001 Chevrolet Express Cargo,"$3,000"
930,1995 Chevrolet S-10,"$2,000"
931,1994 Honda Accord,$950
932,1983 BMW 3-Series,"$1,500"
933,Ford - E-Series - 2003,"$5,100"
934,2018 Buick Encore Quicksilver Metallic hatchback,"$16,810"
935,Volvo S40 2005,"$5,940"
936,BMW 3 Series 2008,"$6,999"
937,2000 Pontiac Firebird,"$4,000"
938,INFINITI Q60 2019,"$29,999"
939,Dodge Dart 2013,"$9,999"
940,2009 Maserati GranTurismo,"$21,000"
941,2014 Ford Mustang V6,"$10,000"
942,1997 Ford Mustang,"$2,500"
943,2015 Chevy Chevrolet Camaro Silver Ice Metallic coupe,"$19,140"
944,2016 Mercedes-Benz E-Class E 400,"$26,950"
945,2007 Volkswagen Jetta,"$4,700"
946,2006 Ford Mustang,"$3,000"
947,1991 Mazda MX-6,"$2,300"
948,1978 Dodge sportsman,"$2,500"
949,Chevrolet - Tahoe,$100
950,Mercedes - E - 2003,"$2,400"
951,2012 Honda Civic LX Auto,"$5,500"
952,2019 Toyota Yaris,$100
953,2015 Mazda Mazda6 Liquid Silver Metallic sedan,"$15,620"
954,Audi A8 2001,"$7,599"
955,2003 Chevrolet Silverado 1500,"$8,998"
956,2011 BMW 5 Series,"$6,500"
957,2016 Honda Civic,"$16,995"
958,1964 Chevrolet Corvair Spyder Turbo 1 -4700 Made! ,"$2,500"
959,2012 Honda Accord Sdn Gray sedan,"$12,470"
960,2008 Nissan Maxima,"$3,150"
961,BMW 5 Series 2011,"$9,995"
962,2019 Ford Escape White hatchback,"$18,240"
963,1933 Ford Roadster,"$52,700"
964,2005 Audi A4,"$3,600"
965,2016 Nissan Versa Note for sale,"$8,999"
966,2004 Volvo XC90 T6 AWD,"$1,200"
967,2000 Ford Explorer XLS 4X4,"$1,300"
968,1999 Honda Civic,$45
969,Nissan - Altima - 2014,"$6,900"
970,1997 Ford Mustang GT V8,$350
971,2016 Nissan Rogue Magnetic Black hatchback,"$16,450"
972,Subaru Impreza Wagon WRX 2011,"$15,381"
973,Toyota - Tacoma - 2001,"$4,000"
974,2016 INFINITI Q50 3.0t Premium,"$21,950"
975,2016 Acura ILX 2.4L,"$14,950"
976,2016 Toyota Corolla LE Sedan 4D,"$9,991"
977,,$150
978,2017 Honda Accord Sedan White sedan,"$17,490"
979,,$696.5
980,Tires with rim 5 lug 5 in spaceing Bridgestone ,$90
981,2010 Cadillac CTS,"$6,800"
982,Fast baby fast!!!!!,"$2,500"
983,2007 Honda Odyssey,"$5,500"
984,2001 Audi A4,"$2,250"
985,Volkswagen Touareg 2010,"$12,999"
986,2015 Jeep Patriot Deep Cherry Red Crystal Pearlcoat hatchback,"$13,180"
987,2018 Hyundai Elantra Quartz White Pearl sedan,"$12,980"
988,1999 Dodge Dakota,"$5,999"
989,Mercedes-Benz E-Class 2006,"$6,999"
990,Cadillac - Fleetwood - 1994,$18.43
991,2016 Kia Soul Shadow Black hatchback,"$11,860"
992,2000 Ford Expedition EDDIE BAUER,$700
993,Chevrolet or most V8,$36
994,1999 Isuzu Rodeo S 4X4,$350
995,2014 Toyota RAV4 Blue hatchback,"$16,250"
996,Toyota-Corolla-2005,"$5,999"
997,2009 Toyota,"$3,800"
998,2009 BMW Mini Cooper S ,"$9,500"
999,2018 Nissan Rogue Glacier White hatchback,"$17,730"
1000,2015 Ford Explorer,$60
1001,1995 Jeep Grand Cherokee,"$1,500"
1002,2005 Toyota Sienna,"$4,200"
1003,Ford - Expedition - 2003,"$2,500"
1004,2017 Buick Encore Graphite Gray Metallic hatchback,"$19,400"
1005,Mini - Coupé - 2004,$200
1006,2017 Nissan Altima 2.5 SV,"$15,393"
1007,Dodge - D-Series - 1990,$800
1008,BMW 3 Series 2011,"$10,991"
1009,2008 Mazda MAZDA6,"$3,600"
1010,1973 Volkswagen super beattle,"$5,200"
1011,2017 MINI Hardtop 2 Door White hatchback,"$18,740"
1012,2005 Suzuki Aerio,"$2,000"
1013,2009 Toyota Corolla,"$4,275"
1014,2006 Honda Accord,"$4,500"
1015,Ford Edge 2013,"$14,999"
1016,Volvo - S80 - 2005,"$2,200"
1017,2018 Chevy Chevrolet Camaro Summit White Convertible,"$19,030"
1018,NEW tire chains Z cable,$20
1019,2000 Toyota Sienna,"$1,400"
1020,Nissan Altima 2013,"$9,999"
1021,2004 Chevrolet Silverado 1500,"$6,500"
1022,1972 Chevrolet Monte Carlo,$450
1023,2014 Toyota RAV4 Silver hatchback,"$16,280"
1024,2000 Mitsubishi Eclipse GT,"$2,000"
1025,2005 Toyota Prius Hybrid,"$5,000"
1026,1995 Honda Civic for sale,"$2,999"
1027,2018 VW Volkswagen Golf SportWagen Red wagon,"$19,760"
1028,Hyundai-Sonata-2017,"$12,990"
1029,,"$1,500"
1030,Toyota-Prius-2005,"$6,990"
1031,2017 Lexus IS 200 F-sport,"$28,000"
1032,1988 Mercedes Benz 560SL No trim field,"$19,990"
1033,"20"" F-150 wheels and tires",$615
1034,2016 Ford Focus MECHANIC SPECIAL,"$2,800"
1035,Nissan Frontier 2007,"$9,800"
1036,1997 Nissan Truck XE,"$4,300"
1037,2016 Chevy Chevrolet Spark LS,"$9,350"
1038,2017 Hyundai Tucson Mojave Sand hatchback,"$17,490"
1039,2002 Mazda Tribute,"$1,500"
1040,1970 Cadillac El Dorado,"$37,509"
1041,Nissan Altima 2019,"$19,750"
1042,2014 Ford Fusion Energi Titanium,"$11,950"
1043,2016 Infiniti Q50,"$19,990"
